{
    "$schema": "https://json-schema.org/draft/2020-12/schema#",
    "type": "object",
    "properties": {
        "uuid": {
            "type": "string",
            "format": "uuid"
        },
        "federation-uuid": {
            "type": "string",
            "format": "uuid"
        },
        "region-uuid": {
            "type": "string",
            "format": "uuid"
        },
        "club-nr": {"type": "string"},
        "name": {"type": "string"},
        "entry-date": {
            "type": "string",
            "format": "date"
        },
        "archived-date": {
            "type": "string",
            "format": "date"
        },
        "contact-adress-uuid": {
            "type": "string",
            "format": "uuid"
        },
        "invoice-adress-uuid": {
            "type": "string",
            "format": "uuid"
        },
        "sport-address-uuids": {
            "type": "array",
            "items": {
                "type": "string",
                "format": "uuid"
            }
        }
    },
    "required": [
        "uuid",
        "federation-uuid",
        "region-uuid",
        "club-nr",
        "name",
        "contact-adress-uuid"
    ]
}